--1
INSERT INTO Facultet (abbreviatura, nazvanie) VALUES
('Ен', 'Естественные науки'),
('Гн', 'Гуманитарные науки'),
('Ит', 'Информационные технологии'),
('Фм', 'Физико-математический');


--2
INSERT INTO Kafedra (shifr, nazvanie, facultet) VALUES
('вм', 'Высшая математика', 'ен'),
('ис', 'Информационные системы', 'ит'),
('мм', 'Математическое моделирование', 'фм'),
('оф', 'Общая физика', 'ен'),
('пи', 'Прикладная информатика', 'ит'),
('эф', 'Экспериментальная физика', 'фм');


--3
INSERT INTO Sotrudnik (tab_nomer, shifr, familia, dolzhnost, zarplata, shef) VALUES
(101, 'пи', 'Прохоров П.П.', 'зав. кафедрой', 35000.00, 101),
(102, 'пи', 'Семенов С.С.', 'преподаватель', 25000.00, 101),
(105, 'пи', 'Петров П.П.', 'преподаватель', 25000.00, 101),
(153, 'пи', 'Сидорова С.С.', 'инженер', 15000.00, 102),
(201, 'ис', 'Андреев А.А.', 'зав. кафедрой', 35000.00, 201),
(202, 'ис', 'Борисов Б.Б.', 'преподаватель', 25000.00, 201),
(241, 'ис', 'Глухов Г.Г.', 'инженер', 20000.00, 201),
(242, 'ис', 'Чернов Ч.Ч.', 'инженер', 15000.00, 202),
(301, 'мм', 'Басов Б.Б.', 'зав. кафедрой', 35000.00, 301),
(302, 'мм', 'Сергеева С.С.', 'преподаватель', 25000.00, 301),
(401, 'оф', 'Волков В.В.', 'зав. кафедрой', 35000.00, 401),
(402, 'оф', 'Зайцев З.З.', 'преподаватель', 25000.00, 401),
(403, 'оф', 'Смирнов С.С.', 'преподаватель', 15000.00, 401),
(435, 'оф', 'Лисин Л.Л.', 'инженер', 20000.00, 402),
(501, 'вм', 'Кузнецов К.К.', 'зав. кафедрой', 35000.00, 501),
(502, 'вм', 'Романцев Р.Р.', 'преподаватель', 25000.00, 501),
(503, 'вм', 'Соловьев С.С.', 'преподаватель', 25000.00, 501),
(601, 'эф', 'Зверев З.З.', 'зав. кафедрой', 35000.00, 601),
(602, 'эф', 'Сорокина С.С.', 'преподаватель', 25000.00, 601),
(614, 'эф', 'Григорьев Г.Г.', 'инженер', 20000.00, 602);


--4
INSERT INTO Specialnost (nomer, napravlenie, shifr) VALUES
('01.03.04', 'Прикладная математика', 'мм'),
('09.03.02', 'Информационные системы и технологии', 'ис'),
('09.03.03', 'Прикладная информатика', 'пи'),
('14.03.02', 'Ядерные физика и технологии', 'эф'),
('38.03.05', 'Бизнес-информатика', 'ис');


--5
INSERT INTO Disciplina (cod, objem, nazvanie, ispolnitel) VALUES
(101, 320, 'Математика', 'вм'),
(102, 160, 'Информатика', 'пи'),
(103, 160, 'Физика', 'оф'),
(202, 120, 'Базы данных', 'ис'),
(204, 160, 'Электроника', 'эф'),
(205, 80, 'Программирование', 'пи'),
(209, 80, 'Моделирование', 'мм');


--6
INSERT INTO Zayavka (kod, nomer) VALUES
(101, '01.03.04'),
(205, '01.03.04'),
(209, '01.03.04'),
(101, '09.03.02'),
(102, '09.03.02'),
(103, '09.03.02'),
(202, '09.03.02'),
(205, '09.03.02'),
(209, '09.03.02'),
(101, '09.03.03'),
(102, '09.03.03'),
(103, '09.03.03'),
(202, '09.03.03'),
(205, '09.03.03'),
(101, '14.03.02'),
(102, '14.03.02'),
(103, '14.03.02'),
(204, '14.03.02'),
(101, '38.03.05'),
(103, '38.03.05'),
(202, '38.03.05'),
(209, '38.03.05');


--7
INSERT INTO Zav_Kafedra (staj, tab_nomer) VALUES
(15, 101),
(18, 201),
(20, 301),
(10, 401),
(18, 501),
(8, 601);

--8
INSERT INTO Inginer (specialnost, tab_nomer) VALUES
('электроник', 153),
('электроник', 241),
('программист', 242),
('электроник', 435),
('программист', 614);

--9
INSERT INTO Prepodavatel (tab_nomer, zvanie, stepen) VALUES
(101, 'профессор', 'д. т.н.'),
(102, 'доцент', 'к. ф.-м. н.'),
(105, 'доцент', 'к. т.н.'),
(201, 'профессор', 'д. ф.-м. н.'),
(202, 'доцент', 'к. ф.-м. н.'),
(301, 'профессор', 'д. т.н.'),
(302, 'доцент', 'к. т.н.'),
(401, 'профессор', 'д. т.н.'),
(402, 'доцент', 'к. т.н.'),
(403, 'ассистент', '-'),
(501, 'профессор', 'д. ф.-м. н.'),
(502, 'профессор', 'д. ф.-м. н.'),
(503, 'доцент', 'к. ф.-м. н.'),
(601, 'профессор', 'д. ф.-м. н.');


--10
INSERT INTO Student (reg_nomer, nomer, familia) VALUES
(10101, '09.03.03', 'Николаева Н. Н.'),
(10102, '09.03.03', 'Иванов И. И.'),
(10103, '09.03.03', 'Крюков К. К.'),
(20101, '09.03.02', 'Андреев А. А.'),
(20102, '09.03.02', 'Федоров Ф. Ф.'),
(30101, '14.03.02', 'Бондаренко Б. Б.'),
(30102, '14.03.02', 'Цветков К. К.'),
(30103, '14.03.02', 'Петров П. П.'),
(50101, '01.03.04', 'Сергеев С. С.'),
(50102, '01.03.04', 'Кудрявцев К. К.'),
(80101, '38.03.05', 'Макаров М. М.'),
(80102, '38.03.05', 'Яковлев Я. Я.');


--11
INSERT INTO Ekzamen (data, kod, reg_nomer, tab_nomer, auditoria, ocenska) VALUES
('2015-06-05', 102, 10101, 102, 'т505', 4),
('2015-06-05', 102, 10102, 102, 'т505', 4),
('2015-06-05', 202, 20101, 202, 'т506', 4),
('2015-06-05', 202, 20102, 202, 'т506', 3),
('2015-06-07', 102, 30101, 105, 'ф419', 3),
('2015-06-07', 102, 30102, 101, 'т506', 4),
('2015-06-07', 102, 80101, 102, 'м425', 5),
('2015-06-09', 205, 80102, 402, 'м424', 4),
('2015-06-09', 209, 20101, 302, 'ф333', 3),
('2015-06-10', 101, 10101, 501, 'т506', 4),
('2015-06-10', 101, 10102, 501, 'т506', 4),
('2015-06-10', 204, 30102, 601, 'ф349', 5),
('2015-06-10', 209, 80101, 301, 'э105', 5),
('2015-06-10', 209, 80102, 301, 'э105', 4),
('2015-06-12', 101, 80101, 502, 'с324', 4),
('2015-06-15', 101, 30101, 503, 'ф417', 4),
('2015-06-15', 101, 50101, 501, 'ф201', 5),
('2015-06-15', 101, 50102, 501, 'ф201', 3),
('2015-06-15', 103, 10101, 403, 'ф414', 4),
('2015-06-17', 102, 10101, 102, 'т505', 5);